{"cameraMode":{"drawMode":0,"name":"Shaded","section":"Shading Mode"},"sceneLighting":true,"audioPlay":false,"sceneViewState":{"showFog":true,"showMaterialUpdate":true,"showSkybox":true,"showFlares":true,"showImageEffects":true,"showParticleSystems":true},"in2DMode":false,"pivot":{"x":36.74892807006836,"y":-8.276509284973145,"z":20.09702491760254},"rotation":{"x":0.12112580239772797,"y":0.333988219499588,"z":-0.043330613523721698,"w":0.9337633848190308},"size":44.21480178833008,"orthographic":false}