{"cameraMode":{"drawMode":0,"name":"Shaded","section":"Shading Mode"},"sceneLighting":false,"audioPlay":false,"sceneViewState":{"showFog":true,"showMaterialUpdate":true,"showSkybox":false,"showFlares":true,"showImageEffects":true,"showParticleSystems":true},"in2DMode":false,"pivot":{"x":12.686836242675782,"y":5.752635955810547,"z":14.05310344696045},"rotation":{"x":0.01184555608779192,"y":-0.15980011224746705,"z":0.0019175336929038168,"w":0.9870780110359192},"size":21.02129364013672,"orthographic":false}